name,leetcode links
325. Maximum Size Subarray Sum Equals k,https://leetcode.com/problems/maximum-size-subarray-sum-equals-k
1151. Minimum Swaps to Group All 1's Together,https://leetcode.com/problems/minimum-swaps-to-group-all-1's-together
1588. Sum of All Odd Length Subarrays,https://leetcode.com/problems/sum-of-all-odd-length-subarrays
452. Minimum Number of Arrows to Burst Balloons,https://leetcode.com/problems/minimum-number-of-arrows-to-burst-balloons
128. Longest Consecutive Sequence,https://leetcode.com/problems/longest-consecutive-sequence
454. 4Sum II,https://leetcode.com/problems/4sum-ii
448. Find All Numbers Disappeared in an Array,https://leetcode.com/problems/find-all-numbers-disappeared-in-an-array
1427. Perform String Shifts,https://leetcode.com/problems/perform-string-shifts
409. Longest Palindrome,https://leetcode.com/problems/longest-palindrome
187. Repeated DNA Sequences,https://leetcode.com/problems/repeated-dna-sequences
5. Longest Palindromic Substring,https://leetcode.com/problems/longest-palindromic-substring
44. Wildcard Matching,https://leetcode.com/problems/wildcard-matching
214. Shortest Palindrome,https://leetcode.com/problems/shortest-palindrome
1634. Add Two Polynomials Represented as Linked Lists,https://leetcode.com/problems/add-two-polynomials-represented-as-linked-lists
369. Plus One Linked List,https://leetcode.com/problems/plus-one-linked-list
148. Sort List,https://leetcode.com/problems/sort-list
138. Copy List with Random Pointer,https://leetcode.com/problems/copy-list-with-random-pointer
430. Flatten a Multilevel Doubly Linked List,https://leetcode.com/problems/flatten-a-multilevel-doubly-linked-list
281. Zigzag Iterator,https://leetcode.com/problems/zigzag-iterator
394. Decode String,https://leetcode.com/problems/decode-string
739. Daily Temperatures,https://leetcode.com/problems/daily-temperatures
42. Trapping Rain Water,https://leetcode.com/problems/trapping-rain-water
402. Remove K Digits,https://leetcode.com/problems/remove-k-digits
456. 132 Pattern,https://leetcode.com/problems/132-pattern
84. Largest Rectangle in Histogram,https://leetcode.com/problems/largest-rectangle-in-histogram
862. Shortest Subarray with Sum at Least K,https://leetcode.com/problems/shortest-subarray-with-sum-at-least-k
1602. Find Nearest Right Node in Binary Tree,https://leetcode.com/problems/find-nearest-right-node-in-binary-tree
1469. Find All The Lonely Nodes,https://leetcode.com/problems/find-all-the-lonely-nodes
1522. Diameter of N-Ary Tree,https://leetcode.com/problems/diameter-of-n-ary-tree
337. House Robber III,https://leetcode.com/problems/house-robber-iii
1325. Delete Leaves With a Given Value,https://leetcode.com/problems/delete-leaves-with-a-given-value
366. Find Leaves of Binary Tree,https://leetcode.com/problems/find-leaves-of-binary-tree
124. Binary Tree Maximum Path Sum,https://leetcode.com/problems/binary-tree-maximum-path-sum
968. Binary Tree Cameras,https://leetcode.com/problems/binary-tree-cameras
886. Possible Bipartition,https://leetcode.com/problems/possible-bipartition
787. Cheapest Flights Within K Stops,https://leetcode.com/problems/cheapest-flights-within-k-stops
261. Graph Valid Tree,https://leetcode.com/problems/graph-valid-tree
547. Number of Provinces,https://leetcode.com/problems/number-of-provinces
990. Satisfiability of Equality Equations,https://leetcode.com/problems/satisfiability-of-equality-equations
1319. Number of Operations to Make Network Connected,https://leetcode.com/problems/number-of-operations-to-make-network-connected
305. Number of Islands II,https://leetcode.com/problems/number-of-islands-ii
1579. Remove Max Number of Edges to Keep Graph Fully Traversable,https://leetcode.com/problems/remove-max-number-of-edges-to-keep-graph-fully-traversable
323. Number of Connected Components in an Undirected Graph,https://leetcode.com/problems/number-of-connected-components-in-an-undirected-graph
1101. The Earliest Moment When Everyone Become Friends,https://leetcode.com/problems/the-earliest-moment-when-everyone-become-friends
253. Meeting Rooms II,https://leetcode.com/problems/meeting-rooms-ii
23. Merge k Sorted Lists,https://leetcode.com/problems/merge-k-sorted-lists
378. Kth Smallest Element in a Sorted Matrix,https://leetcode.com/problems/kth-smallest-element-in-a-sorted-matrix
295. Find Median from Data Stream,https://leetcode.com/problems/find-median-from-data-stream
358. Rearrange String k Distance Apart,https://leetcode.com/problems/rearrange-string-k-distance-apart
759. Employee Free Time,https://leetcode.com/problems/employee-free-time
218. The Skyline Problem,https://leetcode.com/problems/the-skyline-problem
1756. Design Most Recently Used Queue,https://leetcode.com/problems/design-most-recently-used-queue
729. My Calendar I,https://leetcode.com/problems/my-calendar-i
1606. Find Servers That Handled Most Number of Requests,https://leetcode.com/problems/find-servers-that-handled-most-number-of-requests
208. Implement Trie (Prefix Tree),https://leetcode.com/problems/implement-trie-(prefix-tree)
211. Design Add and Search Words Data Structure,https://leetcode.com/problems/design-add-and-search-words-data-structure
1858. Longest Word With All Prefixes,https://leetcode.com/problems/longest-word-with-all-prefixes
212. Word Search II,https://leetcode.com/problems/word-search-ii
336. Palindrome Pairs,https://leetcode.com/problems/palindrome-pairs
642. Design Search Autocomplete System,https://leetcode.com/problems/design-search-autocomplete-system
